video,experiment_id,tracker,conf,iou,frames,frame_range,reid_enabled,device,elapsed_seconds,fps,observations,decision,reason,status
video_1,bytetrack_conf030_iou050_f1_150,bytetrack,0.3,0.5,150,"[1, 150]",False,mps,1.3843485830002464,108.35421211246567,"Áo tím/đỏ ổn định trên đoạn đầu; full GT so sánh HOTA/IDF1 ưu tiên BoTSORT0,15/0,50. Xem video_1_candidates.csv.",rejected comparative configuration,"BoTSORT conf0,15/iou0,50 có HOTA và IDF1 cao nhất trong 7 cấu hình full video_1; ưu tiên identity dù MOTA thấp hơn ByteTrack.",completed
video_1,botsort_conf030_iou050_f1_150,botsort,0.3,0.5,150,"[1, 150]",True,mps,5.8106619579994,25.814614769234435,"Áo tím/đỏ ổn định trên đoạn đầu; full GT so sánh HOTA/IDF1 ưu tiên BoTSORT0,15/0,50. Xem video_1_candidates.csv.",rejected comparative configuration,"BoTSORT conf0,15/iou0,50 có HOTA và IDF1 cao nhất trong 7 cấu hình full video_1; ưu tiên identity dù MOTA thấp hơn ByteTrack.",completed
video_2,bytetrack_conf030_iou050_f1_150,bytetrack,0.3,0.5,150,"[1, 150]",False,mps,4.322985834001884,34.69824000351666,"Frame50/100/150: conf0,15 giữ người áo trắng; verification375/450 ByteTrack giữ người xa ID8; Re-ID chưa cho lợi thế.",rejected comparative configuration,"ByteTrack giữ người áo trắng qua frame50–150 ở conf0,15 và người xa ID8 qua375–450; Re-ID chưa có lợi thế rõ.",completed
video_2,botsort_conf030_iou050_f1_150,botsort,0.3,0.5,150,"[1, 150]",True,mps,6.655357792002178,22.53823230664725,"Frame50/100/150: conf0,15 giữ người áo trắng; verification375/450 ByteTrack giữ người xa ID8; Re-ID chưa cho lợi thế.",rejected comparative configuration,"ByteTrack giữ người áo trắng qua frame50–150 ở conf0,15 và người xa ID8 qua375–450; Re-ID chưa có lợi thế rõ.",completed
video_3,bytetrack_conf030_iou050_f1_150,bytetrack,0.3,0.5,150,"[1, 150]",False,mps,3.080154624996794,48.69885387658294,"Verification301/375: BoTSORT ID3 người áo xám liên tục, ByteTrack đổi ID12. Các sweep đầu tương đương trên ba người tiền cảnh.",rejected comparative configuration,"BoTSORT giữ ID3 của người áo xám từ301 đến375 trong khi ByteTrack đổi sangID12; sweeps0,15/0,30/0,50 và IoU0,40/0,50/0,70 không cải thiện rõ ba người tiền cảnh; giữ0,30/0,50.",completed
video_3,botsort_conf030_iou050_f1_150,botsort,0.3,0.5,150,"[1, 150]",True,mps,3.584333290997165,41.848786879489616,"Verification301/375: BoTSORT ID3 người áo xám liên tục, ByteTrack đổi ID12. Các sweep đầu tương đương trên ba người tiền cảnh.",selected configuration; validation run,"BoTSORT giữ ID3 của người áo xám từ301 đến375 trong khi ByteTrack đổi sangID12; sweeps0,15/0,30/0,50 và IoU0,40/0,50/0,70 không cải thiện rõ ba người tiền cảnh; giữ0,30/0,50.",completed
video_4,bytetrack_conf030_iou050_f1_150,bytetrack,0.3,0.5,150,"[1, 150]",False,mps,3.848943249999138,38.97173594337448,Verification301/375/450: ByteTrack ID5 áo trắng ổn định; BoTSORT đổiID5→8. IoU sweep đầu cho output giống hệt.,selected configuration; validation run,"ByteTrack giữ người áo trắng ID5 qua301/375/450; BoTSORT đổiID tại375. Confidence sweep không cho lợi ích rõ và IoU outputs bằng nhau; giữ0,30/0,50.",completed
video_4,botsort_conf030_iou050_f1_150,botsort,0.3,0.5,150,"[1, 150]",True,mps,5.846845166997809,25.654860991815998,Verification301/375/450: ByteTrack ID5 áo trắng ổn định; BoTSORT đổiID5→8. IoU sweep đầu cho output giống hệt.,rejected comparative configuration,"ByteTrack giữ người áo trắng ID5 qua301/375/450; BoTSORT đổiID tại375. Confidence sweep không cho lợi ích rõ và IoU outputs bằng nhau; giữ0,30/0,50.",completed
video_5,bytetrack_conf030_iou050_f1_150,bytetrack,0.3,0.5,150,"[1, 150]",False,mps,3.743526957998256,40.06916517043281,Frame1/75 người áo hồng được giữ ở cả hai; frame301 cả hai không có track người xa. Sweeps không cải thiện rõ.,selected configuration; validation run,"Hai nhóm tương đương ở người áo hồng và đều mất người xa tại301; confidence/IoU không cho cải thiện quan sát ổn định; chọn ByteTrack0,30/0,50.",completed
video_5,botsort_conf030_iou050_f1_150,botsort,0.3,0.5,150,"[1, 150]",True,mps,5.790488124999683,25.904551872301475,Frame1/75 người áo hồng được giữ ở cả hai; frame301 cả hai không có track người xa. Sweeps không cải thiện rõ.,rejected comparative configuration,"Hai nhóm tương đương ở người áo hồng và đều mất người xa tại301; confidence/IoU không cho cải thiện quan sát ổn định; chọn ByteTrack0,30/0,50.",completed
video_1,bytetrack_conf015_iou050_f1_150,bytetrack,0.15,0.5,150,"[1, 150]",False,mps,4.201698332999513,35.69984994446706,"Áo tím/đỏ ổn định trên đoạn đầu; full GT so sánh HOTA/IDF1 ưu tiên BoTSORT0,15/0,50. Xem video_1_candidates.csv.",rejected comparative configuration,"BoTSORT conf0,15/iou0,50 có HOTA và IDF1 cao nhất trong 7 cấu hình full video_1; ưu tiên identity dù MOTA thấp hơn ByteTrack.",completed
video_1,bytetrack_conf050_iou050_f1_150,bytetrack,0.5,0.5,150,"[1, 150]",False,mps,3.3086407499977213,45.33583768503828,"Áo tím/đỏ ổn định trên đoạn đầu; full GT so sánh HOTA/IDF1 ưu tiên BoTSORT0,15/0,50. Xem video_1_candidates.csv.",rejected comparative configuration,"BoTSORT conf0,15/iou0,50 có HOTA và IDF1 cao nhất trong 7 cấu hình full video_1; ưu tiên identity dù MOTA thấp hơn ByteTrack.",completed
video_2,bytetrack_conf015_iou050_f1_150,bytetrack,0.15,0.5,150,"[1, 150]",False,mps,4.079607499999838,36.76824302338055,"Frame50/100/150: conf0,15 giữ người áo trắng; verification375/450 ByteTrack giữ người xa ID8; Re-ID chưa cho lợi thế.",selected configuration; validation run,"ByteTrack giữ người áo trắng qua frame50–150 ở conf0,15 và người xa ID8 qua375–450; Re-ID chưa có lợi thế rõ.",completed
video_2,bytetrack_conf050_iou050_f1_150,bytetrack,0.5,0.5,150,"[1, 150]",False,mps,3.5285393750018557,42.51050762326299,"Frame50/100/150: conf0,15 giữ người áo trắng; verification375/450 ByteTrack giữ người xa ID8; Re-ID chưa cho lợi thế.",rejected comparative configuration,"ByteTrack giữ người áo trắng qua frame50–150 ở conf0,15 và người xa ID8 qua375–450; Re-ID chưa có lợi thế rõ.",completed
video_3,bytetrack_conf015_iou050_f1_150,bytetrack,0.15,0.5,150,"[1, 150]",False,mps,2.5617644590020063,58.55339255445675,"Verification301/375: BoTSORT ID3 người áo xám liên tục, ByteTrack đổi ID12. Các sweep đầu tương đương trên ba người tiền cảnh.",rejected comparative configuration,"BoTSORT giữ ID3 của người áo xám từ301 đến375 trong khi ByteTrack đổi sangID12; sweeps0,15/0,30/0,50 và IoU0,40/0,50/0,70 không cải thiện rõ ba người tiền cảnh; giữ0,30/0,50.",completed
video_3,bytetrack_conf050_iou050_f1_150,bytetrack,0.5,0.5,150,"[1, 150]",False,mps,2.3477320410020184,63.89144816372638,"Verification301/375: BoTSORT ID3 người áo xám liên tục, ByteTrack đổi ID12. Các sweep đầu tương đương trên ba người tiền cảnh.",rejected comparative configuration,"BoTSORT giữ ID3 của người áo xám từ301 đến375 trong khi ByteTrack đổi sangID12; sweeps0,15/0,30/0,50 và IoU0,40/0,50/0,70 không cải thiện rõ ba người tiền cảnh; giữ0,30/0,50.",completed
video_4,bytetrack_conf015_iou050_f1_150,bytetrack,0.15,0.5,150,"[1, 150]",False,mps,3.957098540999141,37.90656170066617,Verification301/375/450: ByteTrack ID5 áo trắng ổn định; BoTSORT đổiID5→8. IoU sweep đầu cho output giống hệt.,rejected comparative configuration,"ByteTrack giữ người áo trắng ID5 qua301/375/450; BoTSORT đổiID tại375. Confidence sweep không cho lợi ích rõ và IoU outputs bằng nhau; giữ0,30/0,50.",completed
video_4,bytetrack_conf050_iou050_f1_150,bytetrack,0.5,0.5,150,"[1, 150]",False,mps,3.7770264169994334,39.71378101166786,Verification301/375/450: ByteTrack ID5 áo trắng ổn định; BoTSORT đổiID5→8. IoU sweep đầu cho output giống hệt.,rejected comparative configuration,"ByteTrack giữ người áo trắng ID5 qua301/375/450; BoTSORT đổiID tại375. Confidence sweep không cho lợi ích rõ và IoU outputs bằng nhau; giữ0,30/0,50.",completed
video_5,bytetrack_conf015_iou050_f1_150,bytetrack,0.15,0.5,150,"[1, 150]",False,mps,3.7861967499993625,39.617592508900984,Frame1/75 người áo hồng được giữ ở cả hai; frame301 cả hai không có track người xa. Sweeps không cải thiện rõ.,rejected comparative configuration,"Hai nhóm tương đương ở người áo hồng và đều mất người xa tại301; confidence/IoU không cho cải thiện quan sát ổn định; chọn ByteTrack0,30/0,50.",completed
video_5,bytetrack_conf050_iou050_f1_150,bytetrack,0.5,0.5,150,"[1, 150]",False,mps,3.7285112499994284,40.230534372136596,Frame1/75 người áo hồng được giữ ở cả hai; frame301 cả hai không có track người xa. Sweeps không cải thiện rõ.,rejected comparative configuration,"Hai nhóm tương đương ở người áo hồng và đều mất người xa tại301; confidence/IoU không cho cải thiện quan sát ổn định; chọn ByteTrack0,30/0,50.",completed
video_1,bytetrack_conf015_iou040_f1_150,bytetrack,0.15,0.4,150,"[1, 150]",False,mps,4.21587924999767,35.5797666643519,"Áo tím/đỏ ổn định trên đoạn đầu; full GT so sánh HOTA/IDF1 ưu tiên BoTSORT0,15/0,50. Xem video_1_candidates.csv.",rejected comparative configuration,"BoTSORT conf0,15/iou0,50 có HOTA và IDF1 cao nhất trong 7 cấu hình full video_1; ưu tiên identity dù MOTA thấp hơn ByteTrack.",completed
video_1,bytetrack_conf015_iou070_f1_150,bytetrack,0.15,0.7,150,"[1, 150]",False,mps,3.3581998750014463,44.666787440677695,"Áo tím/đỏ ổn định trên đoạn đầu; full GT so sánh HOTA/IDF1 ưu tiên BoTSORT0,15/0,50. Xem video_1_candidates.csv.",rejected comparative configuration,"BoTSORT conf0,15/iou0,50 có HOTA và IDF1 cao nhất trong 7 cấu hình full video_1; ưu tiên identity dù MOTA thấp hơn ByteTrack.",completed
video_2,bytetrack_conf015_iou040_f1_150,bytetrack,0.15,0.4,150,"[1, 150]",False,mps,3.6814857089993893,40.74442001318248,"Frame50/100/150: conf0,15 giữ người áo trắng; verification375/450 ByteTrack giữ người xa ID8; Re-ID chưa cho lợi thế.",rejected comparative configuration,"ByteTrack giữ người áo trắng qua frame50–150 ở conf0,15 và người xa ID8 qua375–450; Re-ID chưa có lợi thế rõ.",completed
video_2,bytetrack_conf015_iou070_f1_150,bytetrack,0.15,0.7,150,"[1, 150]",False,mps,3.590501583999867,41.77689286322442,"Frame50/100/150: conf0,15 giữ người áo trắng; verification375/450 ByteTrack giữ người xa ID8; Re-ID chưa cho lợi thế.",rejected comparative configuration,"ByteTrack giữ người áo trắng qua frame50–150 ở conf0,15 và người xa ID8 qua375–450; Re-ID chưa có lợi thế rõ.",completed
video_3,bytetrack_conf030_iou040_f1_150,bytetrack,0.3,0.4,150,"[1, 150]",False,mps,3.152773249999882,47.577160837686506,"Verification301/375: BoTSORT ID3 người áo xám liên tục, ByteTrack đổi ID12. Các sweep đầu tương đương trên ba người tiền cảnh.",rejected comparative configuration,"BoTSORT giữ ID3 của người áo xám từ301 đến375 trong khi ByteTrack đổi sangID12; sweeps0,15/0,30/0,50 và IoU0,40/0,50/0,70 không cải thiện rõ ba người tiền cảnh; giữ0,30/0,50.",completed
video_3,bytetrack_conf030_iou070_f1_150,bytetrack,0.3,0.7,150,"[1, 150]",False,mps,2.3050751660011883,65.07379985365851,"Verification301/375: BoTSORT ID3 người áo xám liên tục, ByteTrack đổi ID12. Các sweep đầu tương đương trên ba người tiền cảnh.",rejected comparative configuration,"BoTSORT giữ ID3 của người áo xám từ301 đến375 trong khi ByteTrack đổi sangID12; sweeps0,15/0,30/0,50 và IoU0,40/0,50/0,70 không cải thiện rõ ba người tiền cảnh; giữ0,30/0,50.",completed
video_4,bytetrack_conf030_iou040_f1_150,bytetrack,0.3,0.4,150,"[1, 150]",False,mps,3.9627802920003887,37.852212070097096,Verification301/375/450: ByteTrack ID5 áo trắng ổn định; BoTSORT đổiID5→8. IoU sweep đầu cho output giống hệt.,rejected comparative configuration,"ByteTrack giữ người áo trắng ID5 qua301/375/450; BoTSORT đổiID tại375. Confidence sweep không cho lợi ích rõ và IoU outputs bằng nhau; giữ0,30/0,50.",completed
video_4,bytetrack_conf030_iou070_f1_150,bytetrack,0.3,0.7,150,"[1, 150]",False,mps,3.8484743749977497,38.976484025592015,Verification301/375/450: ByteTrack ID5 áo trắng ổn định; BoTSORT đổiID5→8. IoU sweep đầu cho output giống hệt.,rejected comparative configuration,"ByteTrack giữ người áo trắng ID5 qua301/375/450; BoTSORT đổiID tại375. Confidence sweep không cho lợi ích rõ và IoU outputs bằng nhau; giữ0,30/0,50.",completed
video_5,bytetrack_conf030_iou040_f1_150,bytetrack,0.3,0.4,150,"[1, 150]",False,mps,3.774973957999464,39.73537345393822,Frame1/75 người áo hồng được giữ ở cả hai; frame301 cả hai không có track người xa. Sweeps không cải thiện rõ.,rejected comparative configuration,"Hai nhóm tương đương ở người áo hồng và đều mất người xa tại301; confidence/IoU không cho cải thiện quan sát ổn định; chọn ByteTrack0,30/0,50.",completed
video_5,bytetrack_conf030_iou070_f1_150,bytetrack,0.3,0.7,150,"[1, 150]",False,mps,3.6703268339988426,40.86829505495948,Frame1/75 người áo hồng được giữ ở cả hai; frame301 cả hai không có track người xa. Sweeps không cải thiện rõ.,rejected comparative configuration,"Hai nhóm tương đương ở người áo hồng và đều mất người xa tại301; confidence/IoU không cho cải thiện quan sát ổn định; chọn ByteTrack0,30/0,50.",completed
video_1,bytetrack_conf015_iou050_f301_150,bytetrack,0.15,0.5,150,"[301, 450]",False,mps,4.401408625002659,34.07999865041146,"Áo tím/đỏ ổn định trên đoạn đầu; full GT so sánh HOTA/IDF1 ưu tiên BoTSORT0,15/0,50. Xem video_1_candidates.csv.",rejected comparative configuration,"BoTSORT conf0,15/iou0,50 có HOTA và IDF1 cao nhất trong 7 cấu hình full video_1; ưu tiên identity dù MOTA thấp hơn ByteTrack.",completed
video_1,botsort_conf015_iou050_f301_150,botsort,0.15,0.5,150,"[301, 450]",True,mps,8.498721417003253,17.649713720454166,"Áo tím/đỏ ổn định trên đoạn đầu; full GT so sánh HOTA/IDF1 ưu tiên BoTSORT0,15/0,50. Xem video_1_candidates.csv.",selected configuration; validation run,"BoTSORT conf0,15/iou0,50 có HOTA và IDF1 cao nhất trong 7 cấu hình full video_1; ưu tiên identity dù MOTA thấp hơn ByteTrack.",completed
video_2,bytetrack_conf015_iou050_f301_150,bytetrack,0.15,0.5,150,"[301, 450]",False,mps,3.77364229199884,39.74939551584984,"Frame50/100/150: conf0,15 giữ người áo trắng; verification375/450 ByteTrack giữ người xa ID8; Re-ID chưa cho lợi thế.",selected configuration; validation run,"ByteTrack giữ người áo trắng qua frame50–150 ở conf0,15 và người xa ID8 qua375–450; Re-ID chưa có lợi thế rõ.",completed
video_2,botsort_conf015_iou050_f301_150,botsort,0.15,0.5,150,"[301, 450]",True,mps,34.65216712500114,4.328733595763386,"Frame50/100/150: conf0,15 giữ người áo trắng; verification375/450 ByteTrack giữ người xa ID8; Re-ID chưa cho lợi thế.",rejected comparative configuration,"ByteTrack giữ người áo trắng qua frame50–150 ở conf0,15 và người xa ID8 qua375–450; Re-ID chưa có lợi thế rõ.",completed
video_3,bytetrack_conf030_iou050_f301_150,bytetrack,0.3,0.5,150,"[301, 450]",False,mps,2.544978292000451,58.939599002274484,"Verification301/375: BoTSORT ID3 người áo xám liên tục, ByteTrack đổi ID12. Các sweep đầu tương đương trên ba người tiền cảnh.",rejected comparative configuration,"BoTSORT giữ ID3 của người áo xám từ301 đến375 trong khi ByteTrack đổi sangID12; sweeps0,15/0,30/0,50 và IoU0,40/0,50/0,70 không cải thiện rõ ba người tiền cảnh; giữ0,30/0,50.",completed
video_3,botsort_conf030_iou050_f301_150,botsort,0.3,0.5,150,"[301, 450]",True,mps,3.9740193750003527,37.745160716531906,"Verification301/375: BoTSORT ID3 người áo xám liên tục, ByteTrack đổi ID12. Các sweep đầu tương đương trên ba người tiền cảnh.",selected configuration; validation run,"BoTSORT giữ ID3 của người áo xám từ301 đến375 trong khi ByteTrack đổi sangID12; sweeps0,15/0,30/0,50 và IoU0,40/0,50/0,70 không cải thiện rõ ba người tiền cảnh; giữ0,30/0,50.",completed
video_4,bytetrack_conf030_iou050_f301_150,bytetrack,0.3,0.5,150,"[301, 450]",False,mps,3.9272387500022887,38.194774891114676,Verification301/375/450: ByteTrack ID5 áo trắng ổn định; BoTSORT đổiID5→8. IoU sweep đầu cho output giống hệt.,selected configuration; validation run,"ByteTrack giữ người áo trắng ID5 qua301/375/450; BoTSORT đổiID tại375. Confidence sweep không cho lợi ích rõ và IoU outputs bằng nhau; giữ0,30/0,50.",completed
video_4,botsort_conf030_iou050_f301_150,botsort,0.3,0.5,150,"[301, 450]",True,mps,5.942696624999371,25.241066382051073,Verification301/375/450: ByteTrack ID5 áo trắng ổn định; BoTSORT đổiID5→8. IoU sweep đầu cho output giống hệt.,rejected comparative configuration,"ByteTrack giữ người áo trắng ID5 qua301/375/450; BoTSORT đổiID tại375. Confidence sweep không cho lợi ích rõ và IoU outputs bằng nhau; giữ0,30/0,50.",completed
video_5,bytetrack_conf030_iou050_f301_150,bytetrack,0.3,0.5,150,"[301, 450]",False,mps,3.7395112499980314,40.11219380609671,Frame1/75 người áo hồng được giữ ở cả hai; frame301 cả hai không có track người xa. Sweeps không cải thiện rõ.,selected configuration; validation run,"Hai nhóm tương đương ở người áo hồng và đều mất người xa tại301; confidence/IoU không cho cải thiện quan sát ổn định; chọn ByteTrack0,30/0,50.",completed
video_5,botsort_conf030_iou050_f301_150,botsort,0.3,0.5,150,"[301, 450]",True,mps,5.562457583000651,26.966497768614527,Frame1/75 người áo hồng được giữ ở cả hai; frame301 cả hai không có track người xa. Sweeps không cải thiện rõ.,rejected comparative configuration,"Hai nhóm tương đương ở người áo hồng và đều mất người xa tại301; confidence/IoU không cho cải thiện quan sát ổn định; chọn ByteTrack0,30/0,50.",completed
video_1,bytetrack_conf015_iou050_f1_None,bytetrack,0.15,0.5,600,"[1, 600]",False,mps,12.881455499998992,46.578587334330884,"Áo tím/đỏ ổn định trên đoạn đầu; full GT so sánh HOTA/IDF1 ưu tiên BoTSORT0,15/0,50. Xem video_1_candidates.csv.",rejected comparative configuration,"BoTSORT conf0,15/iou0,50 có HOTA và IDF1 cao nhất trong 7 cấu hình full video_1; ưu tiên identity dù MOTA thấp hơn ByteTrack.",completed
video_1,botsort_conf015_iou050_f1_None,botsort,0.15,0.5,600,"[1, 600]",True,mps,38.301733542000875,15.665087308438732,"Áo tím/đỏ ổn định trên đoạn đầu; full GT so sánh HOTA/IDF1 ưu tiên BoTSORT0,15/0,50. Xem video_1_candidates.csv.",selected configuration; validation run,"BoTSORT conf0,15/iou0,50 có HOTA và IDF1 cao nhất trong 7 cấu hình full video_1; ưu tiên identity dù MOTA thấp hơn ByteTrack.",completed
video_1,bytetrack_conf030_iou050_f1_None,bytetrack,0.3,0.5,600,"[1, 600]",False,mps,13.884885333998682,43.212456247718045,"Áo tím/đỏ ổn định trên đoạn đầu; full GT so sánh HOTA/IDF1 ưu tiên BoTSORT0,15/0,50. Xem video_1_candidates.csv.",rejected comparative configuration,"BoTSORT conf0,15/iou0,50 có HOTA và IDF1 cao nhất trong 7 cấu hình full video_1; ưu tiên identity dù MOTA thấp hơn ByteTrack.",completed
video_1,botsort_conf030_iou050_f1_None,botsort,0.3,0.5,600,"[1, 600]",True,mps,28.470852458998706,21.07418458453497,"Áo tím/đỏ ổn định trên đoạn đầu; full GT so sánh HOTA/IDF1 ưu tiên BoTSORT0,15/0,50. Xem video_1_candidates.csv.",rejected comparative configuration,"BoTSORT conf0,15/iou0,50 có HOTA và IDF1 cao nhất trong 7 cấu hình full video_1; ưu tiên identity dù MOTA thấp hơn ByteTrack.",completed
video_1,botsort_conf050_iou050_f1_None,botsort,0.5,0.5,600,"[1, 600]",True,mps,32.1865847079971,18.641306788008595,"Áo tím/đỏ ổn định trên đoạn đầu; full GT so sánh HOTA/IDF1 ưu tiên BoTSORT0,15/0,50. Xem video_1_candidates.csv.",rejected comparative configuration,"BoTSORT conf0,15/iou0,50 có HOTA và IDF1 cao nhất trong 7 cấu hình full video_1; ưu tiên identity dù MOTA thấp hơn ByteTrack.",completed
video_1,botsort_conf015_iou040_f1_None,botsort,0.15,0.4,600,"[1, 600]",True,mps,46.471062249998795,12.911260706118581,"Áo tím/đỏ ổn định trên đoạn đầu; full GT so sánh HOTA/IDF1 ưu tiên BoTSORT0,15/0,50. Xem video_1_candidates.csv.",rejected comparative configuration,"BoTSORT conf0,15/iou0,50 có HOTA và IDF1 cao nhất trong 7 cấu hình full video_1; ưu tiên identity dù MOTA thấp hơn ByteTrack.",completed
video_1,botsort_conf015_iou070_f1_None,botsort,0.15,0.7,600,"[1, 600]",True,mps,75.41489399999773,7.955988110253368,"Áo tím/đỏ ổn định trên đoạn đầu; full GT so sánh HOTA/IDF1 ưu tiên BoTSORT0,15/0,50. Xem video_1_candidates.csv.",rejected comparative configuration,"BoTSORT conf0,15/iou0,50 có HOTA và IDF1 cao nhất trong 7 cấu hình full video_1; ưu tiên identity dù MOTA thấp hơn ByteTrack.",completed
video_3,botsort_conf015_iou050_f1_150,botsort,0.15,0.5,150,"[1, 150]",True,mps,6.6934795409979415,22.409869049608876,"Verification301/375: BoTSORT ID3 người áo xám liên tục, ByteTrack đổi ID12. Các sweep đầu tương đương trên ba người tiền cảnh.",rejected comparative configuration,"BoTSORT giữ ID3 của người áo xám từ301 đến375 trong khi ByteTrack đổi sangID12; sweeps0,15/0,30/0,50 và IoU0,40/0,50/0,70 không cải thiện rõ ba người tiền cảnh; giữ0,30/0,50.",completed
video_3,botsort_conf050_iou050_f1_150,botsort,0.5,0.5,150,"[1, 150]",True,mps,5.50041549999878,27.27066709779166,"Verification301/375: BoTSORT ID3 người áo xám liên tục, ByteTrack đổi ID12. Các sweep đầu tương đương trên ba người tiền cảnh.",rejected comparative configuration,"BoTSORT giữ ID3 của người áo xám từ301 đến375 trong khi ByteTrack đổi sangID12; sweeps0,15/0,30/0,50 và IoU0,40/0,50/0,70 không cải thiện rõ ba người tiền cảnh; giữ0,30/0,50.",completed
video_3,botsort_conf030_iou040_f1_150,botsort,0.3,0.4,150,"[1, 150]",True,mps,5.934938124999462,25.27406298781145,"Verification301/375: BoTSORT ID3 người áo xám liên tục, ByteTrack đổi ID12. Các sweep đầu tương đương trên ba người tiền cảnh.",rejected comparative configuration,"BoTSORT giữ ID3 của người áo xám từ301 đến375 trong khi ByteTrack đổi sangID12; sweeps0,15/0,30/0,50 và IoU0,40/0,50/0,70 không cải thiện rõ ba người tiền cảnh; giữ0,30/0,50.",completed
video_3,botsort_conf030_iou070_f1_150,botsort,0.3,0.7,150,"[1, 150]",True,mps,5.9336677079991205,25.279474244536214,"Verification301/375: BoTSORT ID3 người áo xám liên tục, ByteTrack đổi ID12. Các sweep đầu tương đương trên ba người tiền cảnh.",rejected comparative configuration,"BoTSORT giữ ID3 của người áo xám từ301 đến375 trong khi ByteTrack đổi sangID12; sweeps0,15/0,30/0,50 và IoU0,40/0,50/0,70 không cải thiện rõ ba người tiền cảnh; giữ0,30/0,50.",completed
